{
  "test_loss": 0.6901811957359314,
  "test_accuracy": 0.581250011920929,
  "test_precision": 0.581250011920929,
  "test_recall": 0.581250011920929,
  "test_auc": 0.5583984851837158,
  "predictions": [
    1,
    1,
    1,
    1,
    0,
    1,
    1,
    1,
    0,
    1,
    1,
    1,
    0,
    1,
    1,
    1,
    1,
    0,
    1,
    1,
    0,
    0,
    1,
    1,
    1,
    0,
    1,
    1,
    1,
    1,
    1,
    1,
    1,
    1,
    1,
    1,
    1,
    1,
    1,
    1,
    1,
    1,
    1,
    1,
    1,
    1,
    1,
    1,
    1,
    1,
    1,
    1,
    1,
    1,
    1,
    1,
    1,
    1,
    0,
    1,
    1,
    1,
    1,
    1,
    1,
    1,
    1,
    1,
    1,
    1,
    1,
    1,
    1,
    1,
    1,
    1,
    1,
    1,
    1,
    1,
    1,
    1,
    1,
    1,
    0,
    1,
    0,
    1,
    1,
    1,
    1,
    1,
    1,
    1,
    1,
    1,
    0,
    1,
    1,
    1,
    1,
    1,
    1,
    1,
    1,
    1,
    1,
    1,
    1,
    1,
    1,
    1,
    1,
    1,
    1,
    1,
    1,
    1,
    1,
    1,
    1,
    1,
    1,
    1,
    1,
    0,
    1,
    1,
    1,
    0,
    1,
    1,
    1,
    1,
    1,
    0,
    0,
    1,
    1,
    1,
    1,
    1,
    1,
    1,
    1,
    1,
    1,
    1,
    1,
    1,
    1,
    1,
    1,
    1,
    1,
    1,
    1,
    1,
    1,
    1
  ],
  "predictions_proba": [
    [
      0.47216796875,
      0.52734375
    ],
    [
      0.477783203125,
      0.5224609375
    ],
    [
      0.48681640625,
      0.513671875
    ],
    [
      0.473388671875,
      0.52685546875
    ],
    [
      0.51513671875,
      0.48486328125
    ],
    [
      0.482421875,
      0.51708984375
    ],
    [
      0.4794921875,
      0.5205078125
    ],
    [
      0.484619140625,
      0.515625
    ],
    [
      0.505859375,
      0.494140625
    ],
    [
      0.474853515625,
      0.52587890625
    ],
    [
      0.48828125,
      0.51171875
    ],
    [
      0.498779296875,
      0.50146484375
    ],
    [
      0.50244140625,
      0.497314453125
    ],
    [
      0.481689453125,
      0.5185546875
    ],
    [
      0.48388671875,
      0.5166015625
    ],
    [
      0.484130859375,
      0.51611328125
    ],
    [
      0.478759765625,
      0.521484375
    ],
    [
      0.5009765625,
      0.499267578125
    ],
    [
      0.480712890625,
      0.52001953125
    ],
    [
      0.481689453125,
      0.5185546875
    ],
    [
      0.5068359375,
      0.493408203125
    ],
    [
      0.5048828125,
      0.49560546875
    ],
    [
      0.47216796875,
      0.5283203125
    ],
    [
      0.494384765625,
      0.505859375
    ],
    [
      0.490234375,
      0.50927734375
    ],
    [
      0.5068359375,
      0.492919921875
    ],
    [
      0.484130859375,
      0.515625
    ],
    [
      0.497314453125,
      0.50244140625
    ],
    [
      0.492431640625,
      0.5078125
    ],
    [
      0.482177734375,
      0.51806640625
    ],
    [
      0.48388671875,
      0.5166015625
    ],
    [
      0.47900390625,
      0.52099609375
    ],
    [
      0.48681640625,
      0.513671875
    ],
    [
      0.47216796875,
      0.52734375
    ],
    [
      0.480712890625,
      0.52001953125
    ],
    [
      0.4921875,
      0.5078125
    ],
    [
      0.47412109375,
      0.5263671875
    ],
    [
      0.478759765625,
      0.521484375
    ],
    [
      0.474365234375,
      0.52490234375
    ],
    [
      0.48193359375,
      0.51806640625
    ],
    [
      0.49267578125,
      0.50732421875
    ],
    [
      0.484130859375,
      0.51611328125
    ],
    [
      0.4970703125,
      0.50341796875
    ],
    [
      0.483642578125,
      0.5166015625
    ],
    [
      0.48095703125,
      0.51904296875
    ],
    [
      0.47314453125,
      0.52685546875
    ],
    [
      0.46875,
      0.53125
    ],
    [
      0.485107421875,
      0.5146484375
    ],
    [
      0.48681640625,
      0.513671875
    ],
    [
      0.4775390625,
      0.52294921875
    ],
    [
      0.496826171875,
      0.50341796875
    ],
    [
      0.47509765625,
      0.5244140625
    ],
    [
      0.488525390625,
      0.51220703125
    ],
    [
      0.46728515625,
      0.53271484375
    ],
    [
      0.484130859375,
      0.515625
    ],
    [
      0.477294921875,
      0.5224609375
    ],
    [
      0.45849609375,
      0.54150390625
    ],
    [
      0.457763671875,
      0.54248046875
    ],
    [
      0.50732421875,
      0.49267578125
    ],
    [
      0.48193359375,
      0.51806640625
    ],
    [
      0.484375,
      0.51513671875
    ],
    [
      0.48583984375,
      0.51416015625
    ],
    [
      0.488525390625,
      0.51171875
    ],
    [
      0.46923828125,
      0.53076171875
    ],
    [
      0.4814453125,
      0.51806640625
    ],
    [
      0.473876953125,
      0.5263671875
    ],
    [
      0.470947265625,
      0.52880859375
    ],
    [
      0.4794921875,
      0.5205078125
    ],
    [
      0.47705078125,
      0.52294921875
    ],
    [
      0.474365234375,
      0.52490234375
    ],
    [
      0.472412109375,
      0.52734375
    ],
    [
      0.4892578125,
      0.51025390625
    ],
    [
      0.486083984375,
      0.51416015625
    ],
    [
      0.489501953125,
      0.509765625
    ],
    [
      0.48583984375,
      0.5146484375
    ],
    [
      0.4775390625,
      0.5224609375
    ],
    [
      0.4853515625,
      0.5146484375
    ],
    [
      0.479736328125,
      0.5205078125
    ],
    [
      0.488037109375,
      0.51220703125
    ],
    [
      0.468017578125,
      0.5322265625
    ],
    [
      0.460205078125,
      0.53955078125
    ],
    [
      0.47998046875,
      0.5205078125
    ],
    [
      0.460205078125,
      0.5400390625
    ],
    [
      0.493896484375,
      0.505859375
    ],
    [
      0.50634765625,
      0.493408203125
    ],
    [
      0.4658203125,
      0.53369140625
    ],
    [
      0.50634765625,
      0.493896484375
    ],
    [
      0.4736328125,
      0.52685546875
    ],
    [
      0.4775390625,
      0.5224609375
    ],
    [
      0.46728515625,
      0.53271484375
    ],
    [
      0.472900390625,
      0.52734375
    ],
    [
      0.484375,
      0.515625
    ],
    [
      0.489013671875,
      0.51025390625
    ],
    [
      0.469970703125,
      0.53076171875
    ],
    [
      0.497314453125,
      0.50244140625
    ],
    [
      0.470947265625,
      0.52880859375
    ],
    [
      0.50634765625,
      0.493408203125
    ],
    [
      0.49267578125,
      0.50732421875
    ],
    [
      0.49365234375,
      0.505859375
    ],
    [
      0.486083984375,
      0.513671875
    ],
    [
      0.486328125,
      0.513671875
    ],
    [
      0.4755859375,
      0.5244140625
    ],
    [
      0.44384765625,
      0.55615234375
    ],
    [
      0.47265625,
      0.52734375
    ],
    [
      0.482177734375,
      0.517578125
    ],
    [
      0.47998046875,
      0.52001953125
    ],
    [
      0.4921875,
      0.5078125
    ],
    [
      0.4873046875,
      0.51318359375
    ],
    [
      0.47802734375,
      0.52197265625
    ],
    [
      0.498046875,
      0.501953125
    ],
    [
      0.466552734375,
      0.533203125
    ],
    [
      0.44921875,
      0.55078125
    ],
    [
      0.482666015625,
      0.51708984375
    ],
    [
      0.48974609375,
      0.51025390625
    ],
    [
      0.4775390625,
      0.5224609375
    ],
    [
      0.473876953125,
      0.5263671875
    ],
    [
      0.484130859375,
      0.51611328125
    ],
    [
      0.47802734375,
      0.52197265625
    ],
    [
      0.48828125,
      0.51171875
    ],
    [
      0.497802734375,
      0.501953125
    ],
    [
      0.470703125,
      0.52880859375
    ],
    [
      0.47998046875,
      0.5205078125
    ],
    [
      0.478271484375,
      0.52197265625
    ],
    [
      0.486572265625,
      0.513671875
    ],
    [
      0.492919921875,
      0.50732421875
    ],
    [
      0.50341796875,
